,p_val,avg_log2FC,pct.1,pct.2,p_val_adj,Gene
Eif2s3y,1.20E-178,-1.336044597,0,0.32,3.21E-174,Eif2s3y
Uty,3.65E-136,-1.072509829,0.001,0.256,9.78E-132,Uty
Insyn2a,5.08E-30,-0.668323594,0.352,0.495,1.36E-25,Insyn2a
Gm37459,6.44E-35,-0.653111862,0.616,0.746,1.72E-30,Gm37459
4930419G24Rik,9.78E-31,-0.535835032,0.786,0.886,2.62E-26,4930419G24Rik
Camk1d,2.77E-23,-0.505422069,0.367,0.538,7.43E-19,Camk1d
Epha5,1.42E-09,-0.452371216,0.225,0.296,3.80E-05,Epha5
Cmss1,2.40E-20,-0.437557123,0.543,0.69,6.42E-16,Cmss1
Neat1,6.69E-26,-0.426729186,0.889,0.944,1.79E-21,Neat1
2900052L18Rik,8.84E-11,-0.405592652,0.279,0.372,2.37E-06,2900052L18Rik
Rbfox1,3.95E-14,-0.403780476,0.142,0.254,1.06E-09,Rbfox1
Tmod1,4.92E-12,-0.403264742,0.419,0.526,1.32E-07,Tmod1
Sorcs3,4.05E-10,-0.386452197,0.305,0.408,1.09E-05,Sorcs3
Bcas1os2,6.50E-10,-0.384663995,0.403,0.494,1.74E-05,Bcas1os2
1-Mar,1.61E-21,-0.371411114,0.858,0.899,4.31E-17,1-Mar
Galnt5,3.96E-07,-0.35615989,0.222,0.299,0.010611242,Galnt5
Syne1,3.81E-10,-0.354062977,0.403,0.482,1.02E-05,Syne1
Sytl2,1.25E-12,-0.341876975,0.557,0.673,3.34E-08,Sytl2
Prex1,1.26E-07,-0.338204444,0.218,0.29,0.003378339,Prex1
Gm32036,5.81E-08,-0.328603007,0.348,0.433,0.001557134,Gm32036
Arhgef2,4.88E-11,-0.32826465,0.581,0.66,1.31E-06,Arhgef2
Pex5l,9.91E-18,-0.319957694,0.961,0.979,2.65E-13,Pex5l
Gm26917,2.31E-09,-0.318883316,0.34,0.42,6.18E-05,Gm26917
Npas3,5.00E-12,-0.315067556,0.764,0.829,1.34E-07,Npas3
Sox10,1.23E-07,-0.313324231,0.556,0.594,0.003304406,Sox10
Zfhx2,1.97E-07,-0.313137694,0.275,0.353,0.005279245,Zfhx2
Dock1,4.81E-15,-0.306410712,0.822,0.889,1.29E-10,Dock1
Kirrel3,5.34E-07,-0.303069944,0.723,0.797,0.014315228,Kirrel3
Creb5,7.07E-09,-0.292926363,0.62,0.688,0.000189394,Creb5
Tenm2,1.94E-09,-0.292016403,0.412,0.413,5.19E-05,Tenm2
Gm42418,1.92E-12,-0.284548502,0.911,0.95,5.14E-08,Gm42418
Fnbp1,2.80E-17,-0.283726828,0.932,0.943,7.50E-13,Fnbp1
Arap2,4.44E-14,-0.278517002,0.828,0.875,1.19E-09,Arap2
AY036118,3.44E-09,-0.267829915,0.703,0.758,9.22E-05,AY036118
H3f3b,1.57E-06,-0.250471813,0.338,0.372,0.042079229,H3f3b
Bcas1,1.70E-09,-0.242438654,0.833,0.856,4.56E-05,Bcas1
Anks1b,1.68E-06,-0.221833526,0.739,0.787,0.044916732,Anks1b
Pakap,7.30E-07,-0.199738886,0.765,0.789,0.019551012,Pakap
Kcnip4,1.08E-12,-0.165812965,0.214,0.334,2.89E-08,Kcnip4
Sox2ot,2.72E-07,-0.156555926,0.958,0.97,0.007298542,Sox2ot
Gm47283,1.27E-10,0.12448368,0.504,0.399,3.40E-06,Gm47283
Ncam1,8.94E-07,0.130489974,0.947,0.899,0.023948824,Ncam1
Pcdh9,3.95E-08,0.191654772,0.999,0.999,0.001057973,Pcdh9
Phlpp1,5.70E-10,0.193181326,0.976,0.963,1.53E-05,Phlpp1
Frmd5,3.19E-09,0.207008253,0.984,0.969,8.53E-05,Frmd5
Qk,2.48E-13,0.22535151,0.995,0.996,6.65E-09,Qk
Atp8a1,2.39E-07,0.227780997,0.809,0.772,0.006393739,Atp8a1
Fus,3.00E-07,0.248141912,0.53,0.437,0.008030025,Fus
Fmnl2,1.13E-06,0.249151959,0.761,0.683,0.030257581,Fmnl2
Cdc42bpa,1.25E-10,0.249198901,0.893,0.819,3.36E-06,Cdc42bpa
Tubb4a,9.65E-07,0.250918151,0.755,0.692,0.025853209,Tubb4a
Rsrp1,8.03E-09,0.252293114,0.754,0.653,0.000215073,Rsrp1
Map7,1.86E-08,0.252508072,0.886,0.843,0.000498496,Map7
Edil3,3.63E-17,0.26026842,0.962,0.969,9.71E-13,Edil3
Rbm39,1.56E-11,0.260414381,0.862,0.773,4.19E-07,Rbm39
Jam3,4.26E-07,0.265255272,0.514,0.422,0.011397002,Jam3
Mobp,1.46E-08,0.278735599,0.79,0.728,0.000391408,Mobp
Itsn2,8.34E-07,0.279007526,0.626,0.536,0.022348899,Itsn2
St18,1.40E-10,0.282425795,0.959,0.951,3.75E-06,St18
Hecw2,8.88E-10,0.282928743,0.869,0.803,2.38E-05,Hecw2
Mog,1.01E-09,0.293968072,0.825,0.771,2.71E-05,Mog
Gria2,1.01E-10,0.296620064,0.526,0.401,2.71E-06,Gria2
Slc44a1,2.72E-11,0.299275439,0.783,0.695,7.29E-07,Slc44a1
Ptprd,4.95E-11,0.303492004,0.975,0.968,1.33E-06,Ptprd
Mast4,1.23E-11,0.311533072,0.946,0.92,3.30E-07,Mast4
Aplp1,4.05E-10,0.313299104,0.736,0.64,1.08E-05,Aplp1
Srsf2,1.07E-07,0.318632612,0.402,0.306,0.002861513,Srsf2
Igsf11,1.74E-08,0.3205262,0.464,0.359,0.000466937,Igsf11
Tmeff1,1.26E-08,0.323705083,0.411,0.306,0.00033823,Tmeff1
Kdm5c,6.37E-07,0.323751224,0.268,0.189,0.017053552,Kdm5c
Cd9,3.46E-09,0.332354893,0.372,0.266,9.26E-05,Cd9
Snhg11,4.53E-15,0.336620385,0.668,0.52,1.21E-10,Snhg11
Vmp1,1.94E-11,0.337965875,0.723,0.617,5.20E-07,Vmp1
Atp6v0c,4.05E-08,0.3383484,0.266,0.196,0.001083782,Atp6v0c
Efnb3,1.48E-08,0.339184485,0.446,0.345,0.000395879,Efnb3
Gm11659,6.89E-08,0.347692969,0.355,0.268,0.00184669,Gm11659
7-Sep,4.27E-11,0.348159684,0.755,0.679,1.14E-06,7-Sep
Abca2,3.34E-09,0.348931944,0.359,0.254,8.94E-05,Abca2
Tmbim1,4.91E-09,0.354634883,0.325,0.234,0.000131576,Tmbim1
Lpar1,1.40E-08,0.381701725,0.29,0.202,0.000375754,Lpar1
Hsp90b1,1.89E-08,0.382595123,0.322,0.231,0.000505758,Hsp90b1
Sez6l2,3.93E-09,0.398959629,0.379,0.297,0.000105327,Sez6l2
Mal,1.07E-09,0.404793451,0.508,0.429,2.86E-05,Mal
Shisa4,1.06E-10,0.405390169,0.359,0.263,2.84E-06,Shisa4
Kctd13,1.42E-10,0.40569145,0.382,0.288,3.79E-06,Kctd13
Dbndd2,2.29E-11,0.407065025,0.524,0.412,6.12E-07,Dbndd2
Gsn,6.25E-10,0.418830461,0.273,0.184,1.67E-05,Gsn
Apoe,3.42E-21,0.450256697,0.907,0.841,9.15E-17,Apoe
Zbtb16,2.77E-18,0.485520146,0.496,0.339,7.41E-14,Zbtb16
Kdm6a,7.32E-18,0.490592719,0.511,0.382,1.96E-13,Kdm6a
Itm2b,1.52E-19,0.513444924,0.534,0.379,4.06E-15,Itm2b
Cd81,1.25E-18,0.520636905,0.505,0.355,3.34E-14,Cd81
Sgk1,1.21E-21,0.520647132,0.624,0.459,3.24E-17,Sgk1
Cdh2,1.81E-21,0.53842599,0.568,0.41,4.86E-17,Cdh2
Cldn11,1.34E-17,0.57121535,0.502,0.372,3.58E-13,Cldn11
Plcl1,2.57E-48,0.599416164,0.977,0.95,6.89E-44,Plcl1
Cst3,9.42E-22,0.639890736,0.41,0.255,2.52E-17,Cst3
AC149090.1,1.02E-34,0.643720295,0.443,0.228,2.72E-30,AC149090.1
Apod,1.29E-10,0.673021056,0.768,0.713,3.47E-06,Apod
Plp1,6.13E-55,0.710283611,0.974,0.943,1.64E-50,Plp1
Ttr,1.12E-19,0.797882741,0.322,0.243,3.01E-15,Ttr
Ptgds,1.04E-42,1.478593273,0.544,0.32,2.80E-38,Ptgds
Tsix,3.80E-203,1.647838645,0.429,0.002,1.02E-198,Tsix
Xist,0,3.884816211,0.882,0.001,0,Xist